{
  "dataset_path": "round5_submission.json",
  "day": "submission",
  "final_pnl_total": 134569.7607421875,
  "final_pnl_by_product": {
    "GALAXY_SOUNDS_PLANETARY_RINGS": 4963.7109375,
    "SLEEP_POD_LAMB_WOOL": 4808.140625,
    "TRANSLATOR_SPACE_GRAY": 5104.359375,
    "SLEEP_POD_NYLON": 2041.15625,
    "SNACKPACK_PISTACHIO": 400.66796875,
    "PANEL_2X2": 2859.4140625,
    "PANEL_2X4": 2641.46875,
    "PANEL_4X4": 7655.1015625,
    "MICROCHIP_RECTANGLE": 1973.390625,
    "SLEEP_POD_POLYESTER": 1122.3125,
    "UV_VISOR_MAGENTA": 2649.4140625,
    "ROBOT_DISHES": 0.0,
    "GALAXY_SOUNDS_SOLAR_WINDS": -151.875,
    "ROBOT_MOPPING": 3156.9453125,
    "TRANSLATOR_ECLIPSE_CHARCOAL": 3232.1875,
    "TRANSLATOR_ASTRO_BLACK": 3032.9609375,
    "SNACKPACK_STRAWBERRY": 1193.1279296875,
    "ROBOT_LAUNDRY": 5320.203125,
    "MICROCHIP_SQUARE": 5615.03125,
    "SLEEP_POD_SUEDE": 1448.28125,
    "ROBOT_IRONING": 4617.0,
    "MICROCHIP_OVAL": 4450.75390625,
    "ROBOT_VACUUMING": 1757.890625,
    "MICROCHIP_CIRCLE": 1316.25,
    "OXYGEN_SHAKE_MINT": 1747.7265625,
    "OXYGEN_SHAKE_GARLIC": 2659.6796875,
    "PEBBLES_XL": 9330.0,
    "PEBBLES_S": 4390.375,
    "SLEEP_POD_COTTON": 6970.6953125,
    "PANEL_1X2": 2998.546875,
    "PANEL_1X4": 3537.46875,
    "PEBBLES_XS": 2976.109375,
    "OXYGEN_SHAKE_MORNING_BREATH": 516.0625,
    "SNACKPACK_VANILLA": 672.0,
    "TRANSLATOR_GRAPHITE_MIST": 4999.828125,
    "GALAXY_SOUNDS_DARK_MATTER": 2015.9765625,
    "UV_VISOR_ORANGE": 4403.6640625,
    "OXYGEN_SHAKE_CHOCOLATE": 0.0,
    "UV_VISOR_YELLOW": 562.734375,
    "OXYGEN_SHAKE_EVENING_BREATH": 137.0,
    "MICROCHIP_TRIANGLE": 2810.6640625,
    "UV_VISOR_AMBER": 3620.9375,
    "SNACKPACK_CHOCOLATE": -241.671875,
    "GALAXY_SOUNDS_BLACK_HOLES": 255.0390625,
    "GALAXY_SOUNDS_SOLAR_FLAMES": 1106.234375,
    "UV_VISOR_RED": 4920.203125,
    "TRANSLATOR_VOID_BLUE": 1359.8828125,
    "PEBBLES_L": -52.0625,
    "SNACKPACK_RASPBERRY": -94.796875,
    "PEBBLES_M": 1759.5703125
  },
  "own_trade_count": 1083,
  "tick_count": 1000,
  "max_drawdown_abs": 0.0,
  "sharpe_ratio": 0.0,
  "imc_submission_id": "2aca4963-f81e-4c4e-bbec-e34be815cae9"
}