{
  "dataset_path": "round5_submission.json",
  "day": "submission",
  "final_pnl_total": 121512.2451171875,
  "final_pnl_by_product": {
    "GALAXY_SOUNDS_PLANETARY_RINGS": 4205.7109375,
    "SLEEP_POD_LAMB_WOOL": 3715.515625,
    "TRANSLATOR_SPACE_GRAY": 4360.484375,
    "SLEEP_POD_NYLON": 1670.15625,
    "SNACKPACK_PISTACHIO": 400.66796875,
    "PANEL_2X2": 2698.4140625,
    "PANEL_2X4": 2647.46875,
    "PANEL_4X4": 5832.1015625,
    "MICROCHIP_RECTANGLE": 2053.59375,
    "SLEEP_POD_POLYESTER": 753.3125,
    "UV_VISOR_MAGENTA": 2804.9296875,
    "ROBOT_DISHES": 0.0,
    "GALAXY_SOUNDS_SOLAR_WINDS": -180.875,
    "ROBOT_MOPPING": 2409.359375,
    "TRANSLATOR_ECLIPSE_CHARCOAL": 3335.1875,
    "TRANSLATOR_ASTRO_BLACK": 3113.9609375,
    "SNACKPACK_STRAWBERRY": 1193.1279296875,
    "ROBOT_LAUNDRY": 4211.5,
    "MICROCHIP_SQUARE": 6608.03125,
    "SLEEP_POD_SUEDE": 1183.28125,
    "ROBOT_IRONING": 4341.0,
    "MICROCHIP_OVAL": 3684.31640625,
    "ROBOT_VACUUMING": 1316.1015625,
    "MICROCHIP_CIRCLE": 973.203125,
    "OXYGEN_SHAKE_MINT": 1256.7265625,
    "OXYGEN_SHAKE_GARLIC": 2635.8671875,
    "PEBBLES_XL": 8601.0,
    "PEBBLES_S": 3223.375,
    "SLEEP_POD_COTTON": 6191.6953125,
    "PANEL_1X2": 2719.66015625,
    "PANEL_1X4": 2636.46875,
    "PEBBLES_XS": 2845.109375,
    "OXYGEN_SHAKE_MORNING_BREATH": 1046.0625,
    "SNACKPACK_VANILLA": 672.0,
    "TRANSLATOR_GRAPHITE_MIST": 4051.35546875,
    "GALAXY_SOUNDS_DARK_MATTER": 1944.3828125,
    "UV_VISOR_ORANGE": 4234.859375,
    "OXYGEN_SHAKE_CHOCOLATE": 0.0,
    "UV_VISOR_YELLOW": 562.734375,
    "OXYGEN_SHAKE_EVENING_BREATH": 204.0,
    "MICROCHIP_TRIANGLE": 2326.6640625,
    "UV_VISOR_AMBER": 2722.15234375,
    "SNACKPACK_CHOCOLATE": -241.671875,
    "GALAXY_SOUNDS_BLACK_HOLES": 1034.0390625,
    "GALAXY_SOUNDS_SOLAR_FLAMES": 1198.234375,
    "UV_VISOR_RED": 4754.203125,
    "TRANSLATOR_VOID_BLUE": 1468.06640625,
    "PEBBLES_L": 689.9375,
    "SNACKPACK_RASPBERRY": -94.796875,
    "PEBBLES_M": 1499.5703125
  },
  "own_trade_count": 1282,
  "tick_count": 1000,
  "max_drawdown_abs": 0.0,
  "sharpe_ratio": 0.0,
  "imc_submission_id": "9d69dc73-ff26-43f7-b604-eadebfd49db9"
}