{
  "dataset_path": "round5_submission.json",
  "day": "submission",
  "final_pnl_total": 78449.69921875,
  "final_pnl_by_product": {
    "GALAXY_SOUNDS_PLANETARY_RINGS": 2059.53125,
    "SLEEP_POD_LAMB_WOOL": 2332.203125,
    "TRANSLATOR_SPACE_GRAY": 2264.1796875,
    "SLEEP_POD_NYLON": 901.9453125,
    "SNACKPACK_PISTACHIO": 400.66796875,
    "PANEL_2X2": 1967.96875,
    "PANEL_2X4": 1281.578125,
    "PANEL_4X4": 3324.1572265625,
    "MICROCHIP_RECTANGLE": 1528.796875,
    "SLEEP_POD_POLYESTER": 378.875,
    "UV_VISOR_MAGENTA": 1990.70703125,
    "ROBOT_DISHES": 0.0,
    "GALAXY_SOUNDS_SOLAR_WINDS": -291.8125,
    "ROBOT_MOPPING": 1892.97265625,
    "TRANSLATOR_ECLIPSE_CHARCOAL": 3019.8515625,
    "TRANSLATOR_ASTRO_BLACK": 2519.109375,
    "SNACKPACK_STRAWBERRY": 1193.1279296875,
    "ROBOT_LAUNDRY": 3245.1015625,
    "MICROCHIP_SQUARE": 5036.01171875,
    "SLEEP_POD_SUEDE": 1534.8125,
    "ROBOT_IRONING": 2755.0,
    "MICROCHIP_OVAL": 2081.658203125,
    "ROBOT_VACUUMING": 697.734375,
    "MICROCHIP_CIRCLE": 1109.203125,
    "OXYGEN_SHAKE_MINT": 456.796875,
    "OXYGEN_SHAKE_GARLIC": 1102.43359375,
    "PEBBLES_XL": 5005.625,
    "PEBBLES_S": 2283.109375,
    "SLEEP_POD_COTTON": 4333.9560546875,
    "PANEL_1X2": 1446.330078125,
    "PANEL_1X4": 1661.7890625,
    "PEBBLES_XS": 1525.0546875,
    "OXYGEN_SHAKE_MORNING_BREATH": -3.8515625,
    "SNACKPACK_VANILLA": 672.0,
    "TRANSLATOR_GRAPHITE_MIST": 2845.1181640625,
    "GALAXY_SOUNDS_DARK_MATTER": 878.98828125,
    "UV_VISOR_ORANGE": 2584.859375,
    "OXYGEN_SHAKE_CHOCOLATE": 0.0,
    "UV_VISOR_YELLOW": 538.84375,
    "OXYGEN_SHAKE_EVENING_BREATH": 254.0,
    "MICROCHIP_TRIANGLE": 2526.109375,
    "UV_VISOR_AMBER": 1485.96875,
    "SNACKPACK_CHOCOLATE": -241.671875,
    "GALAXY_SOUNDS_BLACK_HOLES": 373.6328125,
    "GALAXY_SOUNDS_SOLAR_FLAMES": 1025.84765625,
    "UV_VISOR_RED": 3693.80078125,
    "TRANSLATOR_VOID_BLUE": 646.44140625,
    "PEBBLES_L": 109.453125,
    "SNACKPACK_RASPBERRY": -94.796875,
    "PEBBLES_M": 116.48046875
  },
  "own_trade_count": 1352,
  "tick_count": 1000,
  "max_drawdown_abs": 0.0,
  "sharpe_ratio": 0.0,
  "imc_submission_id": "1891d73a-d8ee-45cc-a807-b6cc17f64ba2"
}