{
  "dataset_path": "round5_submission.json",
  "day": "submission",
  "final_pnl_total": 132876.4169921875,
  "final_pnl_by_product": {
    "GALAXY_SOUNDS_PLANETARY_RINGS": 4539.7109375,
    "SLEEP_POD_LAMB_WOOL": 3908.140625,
    "TRANSLATOR_SPACE_GRAY": 5050.359375,
    "SLEEP_POD_NYLON": 2128.15625,
    "SNACKPACK_PISTACHIO": 400.66796875,
    "PANEL_2X2": 2926.4140625,
    "PANEL_2X4": 2585.46875,
    "PANEL_4X4": 6847.1015625,
    "MICROCHIP_RECTANGLE": 2557.390625,
    "SLEEP_POD_POLYESTER": 1443.3125,
    "UV_VISOR_MAGENTA": 2822.4140625,
    "ROBOT_DISHES": 0.0,
    "GALAXY_SOUNDS_SOLAR_WINDS": -188.875,
    "ROBOT_MOPPING": 3855.75,
    "TRANSLATOR_ECLIPSE_CHARCOAL": 3336.1875,
    "TRANSLATOR_ASTRO_BLACK": 3036.9609375,
    "SNACKPACK_STRAWBERRY": 1193.1279296875,
    "ROBOT_LAUNDRY": 5316.203125,
    "MICROCHIP_SQUARE": 6400.03125,
    "SLEEP_POD_SUEDE": 1120.28125,
    "ROBOT_IRONING": 4641.0,
    "MICROCHIP_OVAL": 4097.53515625,
    "ROBOT_VACUUMING": 2059.890625,
    "MICROCHIP_CIRCLE": 1207.7265625,
    "OXYGEN_SHAKE_MINT": 1635.7265625,
    "OXYGEN_SHAKE_GARLIC": 2630.6796875,
    "PEBBLES_XL": 8609.0,
    "PEBBLES_S": 4181.953125,
    "SLEEP_POD_COTTON": 6977.6953125,
    "PANEL_1X2": 2923.546875,
    "PANEL_1X4": 3331.46875,
    "PEBBLES_XS": 3259.109375,
    "OXYGEN_SHAKE_MORNING_BREATH": 1048.0625,
    "SNACKPACK_VANILLA": 672.0,
    "TRANSLATOR_GRAPHITE_MIST": 4610.828125,
    "GALAXY_SOUNDS_DARK_MATTER": 1856.3828125,
    "UV_VISOR_ORANGE": 4297.6640625,
    "OXYGEN_SHAKE_CHOCOLATE": 0.0,
    "UV_VISOR_YELLOW": 562.734375,
    "OXYGEN_SHAKE_EVENING_BREATH": 18.0,
    "MICROCHIP_TRIANGLE": 2160.6640625,
    "UV_VISOR_AMBER": 3118.546875,
    "SNACKPACK_CHOCOLATE": -241.671875,
    "GALAXY_SOUNDS_BLACK_HOLES": 246.0390625,
    "GALAXY_SOUNDS_SOLAR_FLAMES": 1128.234375,
    "UV_VISOR_RED": 4917.203125,
    "TRANSLATOR_VOID_BLUE": 1293.8828125,
    "PEBBLES_L": 373.9375,
    "SNACKPACK_RASPBERRY": -94.796875,
    "PEBBLES_M": 2074.5703125
  },
  "own_trade_count": 1197,
  "tick_count": 1000,
  "max_drawdown_abs": 0.0,
  "sharpe_ratio": 0.0,
  "imc_submission_id": "e0a1a067-31d8-4513-b297-23894adefd29"
}